Sample in Buffer,Sample in Window,TRIGGER,u_ndpp_wrapper/user_logic_native_mem_valid[0:0],u_ndpp_wrapper/user_logic_native_mem_address_1[23:0],u_ndpp_wrapper/user_logic_native_mem_address[31:24],u_ndpp_wrapper/user_logic_native_mem_strb[23:0],u_ndpp_wrapper/user_logic_native_mem_data[7:0],u_ndpp_wrapper/trigger_counter[7:0],u_ndpp_wrapper/trigger_counter_out[7:0],u_ndpp_wrapper/dma_p0_rx_axis_tvalid_temp,u_ndpp_wrapper/dma_p0_rx_axis_tdata[7:0],u_ndpp_wrapper/dma_p0_rx_axis_tready_temp
Radix - UNSIGNED,UNSIGNED,UNSIGNED,HEX,HEX,HEX,HEX,HEX,HEX,HEX,HEX,HEX,HEX
0,0,0,0,320040,00,000000,03,00,00,0,00,1
1,1,1,1,300040,00,ffffff,00,00,00,0,00,1
2,2,0,1,300060,00,ffffff,00,00,00,0,00,1
3,3,0,0,300080,00,000000,00,00,00,0,00,1
4,4,0,0,3000a0,00,000000,00,00,00,0,00,1
5,5,0,1,300000,00,ffffff,00,00,00,0,00,1
6,6,0,1,300020,00,ffffff,00,00,00,0,00,1
7,7,0,0,300040,00,000000,00,00,00,0,00,1
8,8,0,0,300060,00,000000,00,00,00,0,00,1
9,9,0,1,3000c0,00,ffffff,00,00,00,0,00,1
10,10,0,1,3000e0,00,ffffff,00,00,00,0,00,1
11,11,0,0,300100,00,000000,00,00,00,0,00,1
12,12,0,0,300120,00,000000,00,00,00,0,00,1
13,13,0,1,300080,00,ffffff,00,00,00,0,00,1
14,14,0,1,3000a0,00,ffffff,00,00,00,0,00,1
15,15,0,0,3000c0,00,000000,00,00,00,0,00,1
16,16,0,0,3000e0,00,000000,02,00,00,0,00,1
17,17,0,1,300200,00,ffffff,02,00,00,0,00,1
18,18,0,1,300220,00,ffffff,02,00,00,0,00,1
19,19,0,0,300240,00,000000,00,00,00,0,00,1
20,20,0,0,300260,00,000000,02,00,00,0,00,1
21,21,0,1,300240,00,ffffff,02,00,00,0,00,1
22,22,0,1,300260,00,ffffff,02,00,00,0,00,1
23,23,0,0,300280,00,000000,00,00,00,0,00,1
24,24,0,0,3002a0,00,000000,01,00,00,0,00,1
25,25,0,1,3001c0,00,ffffff,01,00,00,0,00,1
26,26,0,1,3001e0,00,ffffff,01,00,00,0,00,1
27,27,0,0,300200,00,000000,00,00,00,0,00,1
28,28,0,0,300220,00,000000,02,00,00,0,00,1
29,29,0,1,3002c0,00,ffffff,02,00,00,0,00,1
30,30,0,1,3002e0,00,ffffff,02,00,00,0,00,1
31,31,0,0,300300,00,000000,00,00,00,0,00,1
32,32,0,0,300320,00,000000,02,00,00,0,00,1
33,33,0,1,300280,00,ffffff,02,00,00,0,00,1
34,34,0,1,3002a0,00,ffffff,02,00,00,0,00,1
35,35,0,0,3002c0,00,000000,00,00,00,0,00,1
36,36,0,0,3002e0,00,000000,03,00,00,0,00,1
37,37,0,1,3003c0,00,ffffff,03,00,00,0,00,1
38,38,0,1,3003e0,00,ffffff,03,00,00,0,00,1
39,39,0,0,300400,00,000000,00,00,00,0,00,1
40,40,0,0,300420,00,000000,01,00,00,0,00,1
41,41,0,1,300140,00,ffffff,01,00,00,0,00,1
42,42,0,1,300160,00,ffffff,01,00,00,0,00,1
43,43,0,0,300180,00,000000,00,00,00,0,00,1
44,44,0,0,3001a0,00,000000,03,00,00,0,00,1
45,45,0,1,300340,00,ffffff,03,00,00,0,00,1
46,46,0,1,300360,00,ffffff,03,00,00,0,00,1
47,47,0,0,300380,00,000000,00,00,00,0,00,1
48,48,0,0,3003a0,00,000000,04,00,00,0,00,1
49,49,0,1,300400,00,ffffff,04,00,00,0,00,1
50,50,0,1,300420,00,ffffff,04,00,00,0,00,1
51,51,0,0,300440,00,000000,00,00,00,0,00,1
52,52,0,0,300460,00,000000,04,00,00,0,00,1
53,53,0,1,300480,00,ffffff,04,00,00,0,00,1
54,54,0,1,3004a0,00,ffffff,04,00,00,0,00,1
55,55,0,0,3004c0,00,000000,00,00,00,0,00,1
56,56,0,0,3004e0,00,000000,04,00,00,0,00,1
57,57,0,1,300440,00,ffffff,04,00,00,0,00,1
58,58,0,1,300460,00,ffffff,04,00,00,0,00,1
59,59,0,0,300480,00,000000,00,00,00,0,00,1
60,60,0,0,3004a0,00,000000,04,00,00,0,00,1
61,61,0,1,3004c0,00,ffffff,04,00,00,0,00,1
62,62,0,1,3004e0,00,ffffff,04,00,00,0,00,1
63,63,0,0,300500,00,000000,00,00,00,0,00,1
64,64,0,0,300520,00,000000,05,00,00,0,00,1
65,65,0,1,300500,00,ffffff,05,00,00,0,00,1
66,66,0,1,300520,00,ffffff,05,00,00,0,00,1
67,67,0,0,300540,00,000000,00,00,00,0,00,1
68,68,0,0,300560,00,000000,05,00,00,0,00,1
69,69,0,1,300580,00,ffffff,05,00,00,0,00,1
70,70,0,1,3005a0,00,ffffff,05,00,00,0,00,1
71,71,0,0,3005c0,00,000000,00,00,00,0,00,1
72,72,0,0,3005e0,00,000000,06,00,00,0,00,1
73,73,0,1,300600,00,ffffff,06,00,00,0,00,1
74,74,0,1,300620,00,ffffff,06,00,00,0,00,1
75,75,0,0,300640,00,000000,00,00,00,0,00,1
76,76,0,0,300660,00,000000,06,00,00,0,00,1
77,77,0,1,300640,00,ffffff,06,00,00,0,00,1
78,78,0,1,300660,00,ffffff,06,00,00,0,00,1
79,79,0,0,300680,00,000000,00,00,00,0,00,1
80,80,0,0,3006a0,00,000000,06,00,00,0,00,1
81,81,0,1,300680,00,ffffff,06,00,00,0,00,1
82,82,0,1,3006a0,00,ffffff,06,00,00,0,00,1
83,83,0,0,3006c0,00,000000,00,00,00,0,00,1
84,84,0,0,3006e0,00,000000,06,00,00,0,00,1
85,85,0,1,3006c0,00,ffffff,06,00,00,0,00,1
86,86,0,1,3006e0,00,ffffff,06,00,00,0,00,1
87,87,0,0,300700,00,000000,00,00,00,0,00,1
88,88,0,0,300720,00,000000,07,00,00,0,00,1
89,89,0,1,300700,00,ffffff,07,00,00,0,00,1
90,90,0,1,300720,00,ffffff,07,00,00,0,00,1
91,91,0,0,300740,00,000000,00,00,00,0,00,1
92,92,0,0,300760,00,000000,07,00,00,0,00,1
93,93,0,1,300780,00,ffffff,07,00,00,0,00,1
94,94,0,1,3007a0,00,ffffff,07,00,00,0,00,1
95,95,0,0,3007c0,00,000000,00,00,00,0,00,1
96,96,0,0,3007e0,00,000000,03,00,00,0,00,1
97,97,0,1,300300,00,ffffff,03,00,00,0,00,1
98,98,0,1,300320,00,ffffff,03,00,00,0,00,1
99,99,0,0,300340,00,000000,00,00,00,0,00,1
100,100,0,0,300360,00,000000,01,00,00,0,00,1
101,101,0,1,300100,00,ffffff,01,00,00,0,00,1
102,102,0,1,300120,00,ffffff,01,00,00,0,00,1
103,103,0,0,300140,00,000000,00,00,00,0,00,1
104,104,0,0,300160,00,000000,01,00,00,0,00,1
105,105,0,1,300180,00,ffffff,01,00,00,0,00,1
106,106,0,1,3001a0,00,ffffff,01,00,00,0,00,1
107,107,0,0,3001c0,00,000000,00,00,00,0,00,1
108,108,0,0,3001e0,00,000000,0c,00,00,0,00,1
109,109,0,1,300c00,00,ffffff,0c,00,00,0,00,1
110,110,0,1,300c20,00,ffffff,0c,00,00,0,00,1
111,111,0,0,300c40,00,000000,00,00,00,0,00,1
112,112,0,0,300c60,00,000000,03,00,00,0,00,1
113,113,0,1,300380,00,ffffff,03,00,00,0,00,1
114,114,0,1,3003a0,00,ffffff,03,00,00,0,00,1
115,115,0,0,3003c0,00,000000,00,00,00,0,00,1
116,116,0,0,3003e0,00,000000,08,00,00,0,00,1
117,117,0,1,300800,00,ffffff,08,00,00,0,00,1
118,118,0,1,300820,00,ffffff,08,00,00,0,00,1
119,119,0,0,300840,00,000000,00,00,00,0,00,1
120,120,0,0,300860,00,000000,05,00,00,0,00,1
121,121,0,1,3005c0,00,ffffff,05,00,00,0,00,1
122,122,0,1,3005e0,00,ffffff,05,00,00,0,00,1
123,123,0,0,300600,00,000000,00,00,00,0,00,1
124,124,0,0,300620,00,000000,0a,00,00,0,00,1
125,125,0,1,300a80,00,ffffff,0a,00,00,0,00,1
126,126,0,1,300aa0,00,ffffff,0a,00,00,0,00,1
127,127,0,0,300ac0,00,000000,00,00,00,0,00,1
128,128,0,0,300ae0,00,000000,07,00,00,0,00,1
129,129,0,1,300740,00,ffffff,07,00,00,0,00,1
130,130,0,1,300760,00,ffffff,07,00,00,0,00,1
131,131,0,0,300780,00,000000,00,00,00,0,00,1
132,132,0,0,3007a0,00,000000,08,00,00,0,00,1
133,133,0,1,3008c0,00,ffffff,08,00,00,0,00,1
134,134,0,1,3008e0,00,ffffff,08,00,00,0,00,1
135,135,0,0,300900,00,000000,00,00,00,0,00,1
136,136,0,0,300920,00,000000,08,00,00,0,00,1
137,137,0,1,300840,00,ffffff,08,00,00,0,00,1
138,138,0,1,300860,00,ffffff,08,00,00,0,00,1
139,139,0,0,300880,00,000000,00,00,00,0,00,1
140,140,0,0,3008a0,00,000000,08,00,00,0,00,1
141,141,0,1,300880,00,ffffff,08,00,00,0,00,1
142,142,0,1,3008a0,00,ffffff,08,00,00,0,00,1
143,143,0,0,3008c0,00,000000,00,00,00,0,00,1
144,144,0,0,3008e0,00,000000,09,00,00,0,00,1
145,145,0,1,300980,00,ffffff,09,00,00,0,00,1
146,146,0,1,3009a0,00,ffffff,09,00,00,0,00,1
147,147,0,0,3009c0,00,000000,00,00,00,0,00,1
148,148,0,0,3009e0,00,000000,09,00,00,0,00,1
149,149,0,1,3009c0,00,ffffff,09,00,00,0,00,1
150,150,0,1,3009e0,00,ffffff,09,00,00,0,00,1
151,151,0,0,300a00,00,000000,00,00,00,0,00,1
152,152,0,0,300a20,00,000000,09,00,00,0,00,1
153,153,0,1,300940,00,ffffff,09,00,00,0,00,1
154,154,0,1,300960,00,ffffff,09,00,00,0,00,1
155,155,0,0,300980,00,000000,00,00,00,0,00,1
156,156,0,0,3009a0,00,000000,0c,00,00,0,00,1
157,157,0,1,300c80,00,ffffff,0c,00,00,0,00,1
158,158,0,1,300ca0,00,ffffff,0c,00,00,0,00,1
159,159,0,0,300cc0,00,000000,00,00,00,0,00,1
160,160,0,0,300ce0,00,000000,0c,00,00,0,00,1
161,161,0,1,300c40,00,ffffff,0c,00,00,0,00,1
162,162,0,1,300c60,00,ffffff,0c,00,00,0,00,1
163,163,0,0,300c80,00,000000,00,00,00,0,00,1
164,164,0,0,300ca0,00,000000,0d,00,00,0,00,1
165,165,0,1,300d00,00,ffffff,0d,00,00,0,00,1
166,166,0,1,300d20,00,ffffff,0d,00,00,0,00,1
167,167,0,0,300d40,00,000000,00,00,00,0,00,1
168,168,0,0,300d60,00,000000,0e,00,00,0,00,1
169,169,0,1,300e00,00,ffffff,0e,00,00,0,00,1
170,170,0,1,300e20,00,ffffff,0e,00,00,0,00,1
171,171,0,0,300e40,00,000000,00,00,00,0,00,1
172,172,0,0,300e60,00,000000,0c,00,00,0,00,1
173,173,0,1,300cc0,00,ffffff,0c,00,00,0,00,1
174,174,0,1,300ce0,00,ffffff,0c,00,00,0,00,1
175,175,0,0,300d00,00,000000,00,00,00,0,00,1
176,176,0,0,300d20,00,000000,0d,00,00,0,00,1
177,177,0,1,300d80,00,ffffff,0d,00,00,0,00,1
178,178,0,1,300da0,00,ffffff,0d,00,00,0,00,1
179,179,0,0,300dc0,00,000000,00,00,00,0,00,1
180,180,0,0,300de0,00,000000,0a,00,00,0,00,1
181,181,0,1,300ac0,00,ffffff,0a,00,00,0,00,1
182,182,0,1,300ae0,00,ffffff,0a,00,00,0,00,1
183,183,0,0,300b00,00,000000,00,00,00,0,00,1
184,184,0,0,300b20,00,000000,07,00,00,0,00,1
185,185,0,1,3007c0,00,ffffff,07,00,00,0,00,1
186,186,0,1,3007e0,00,ffffff,07,00,00,0,00,1
187,187,0,0,300800,00,000000,00,00,00,0,00,1
188,188,0,0,300820,00,000000,0a,00,00,0,00,1
189,189,0,1,300a40,00,ffffff,0a,00,00,0,00,1
190,190,0,1,300a60,00,ffffff,0a,00,00,0,00,1
191,191,0,0,300a80,00,000000,00,00,00,0,00,1
192,192,0,0,300aa0,00,000000,0e,00,00,0,00,1
193,193,0,1,300e40,00,ffffff,0e,00,00,0,00,1
194,194,0,1,300e60,00,ffffff,0e,00,00,0,00,1
195,195,0,0,300e80,00,000000,00,00,00,0,00,1
196,196,0,0,300ea0,00,000000,0e,00,00,0,00,1
197,197,0,1,300e80,00,ffffff,0e,00,00,0,00,1
198,198,0,1,300ea0,00,ffffff,0e,00,00,0,00,1
199,199,0,0,300ec0,00,000000,00,00,00,0,00,1
200,200,0,0,300ee0,00,000000,0a,00,00,0,00,1
201,201,0,1,300a00,00,ffffff,0a,00,00,0,00,1
202,202,0,1,300a20,00,ffffff,0a,00,00,0,00,1
203,203,0,0,300a40,00,000000,00,00,00,0,00,1
204,204,0,0,300a60,00,000000,0f,00,00,0,00,1
205,205,0,1,300f00,00,ffffff,0f,00,00,0,00,1
206,206,0,1,300f20,00,ffffff,0f,00,00,0,00,1
207,207,0,0,300f40,00,000000,00,00,00,0,00,1
208,208,0,0,300f60,00,000000,0e,00,00,0,00,1
209,209,0,1,300ec0,00,ffffff,0e,00,00,0,00,1
210,210,0,1,300ee0,00,ffffff,0e,00,00,0,00,1
211,211,0,0,300f00,00,000000,00,00,00,0,00,1
212,212,0,0,300f20,00,000000,0f,00,00,0,00,1
213,213,0,1,300f80,00,ffffff,0f,00,00,0,00,1
214,214,0,1,300fa0,00,ffffff,0f,00,00,0,00,1
215,215,0,0,300fc0,00,000000,00,00,00,0,00,1
216,216,0,0,300fe0,00,000000,0b,00,00,0,00,1
217,217,0,1,300bc0,00,ffffff,0b,00,00,0,00,1
218,218,0,1,300be0,00,ffffff,0b,00,00,0,00,1
219,219,0,0,300c00,00,000000,00,00,00,0,00,1
220,220,0,0,300c20,00,000000,0b,00,00,0,00,1
221,221,0,1,300b40,00,ffffff,0b,00,00,0,00,1
222,222,0,1,300b60,00,ffffff,0b,00,00,0,00,1
223,223,0,0,300b80,00,000000,00,00,00,0,00,1
224,224,0,0,300ba0,00,000000,0f,00,00,0,00,1
225,225,0,1,300fc0,00,ffffff,0f,00,00,0,00,1
226,226,0,1,300fe0,00,ffffff,0f,00,00,0,00,1
227,227,0,0,301000,00,000000,00,00,00,0,00,1
228,228,0,0,301020,00,000000,0d,00,00,0,00,1
229,229,0,1,300d40,00,ffffff,0d,00,00,0,00,1
230,230,0,1,300d60,00,ffffff,0d,00,00,0,00,1
231,231,0,0,300d80,00,000000,00,00,00,0,00,1
232,232,0,0,300da0,00,000000,0d,00,00,0,00,1
233,233,0,1,300dc0,00,ffffff,0d,00,00,0,00,1
234,234,0,1,300de0,00,ffffff,0d,00,00,0,00,1
235,235,0,0,300e00,00,000000,00,00,00,0,00,1
236,236,0,0,300e20,00,000000,0f,00,00,0,00,1
237,237,0,1,300f40,00,ffffff,0f,00,00,0,00,1
238,238,0,1,300f60,00,ffffff,0f,00,00,0,00,1
239,239,0,0,300f80,00,000000,00,00,00,0,00,1
240,240,0,0,300fa0,00,000000,09,00,00,0,00,1
241,241,0,1,300900,00,ffffff,09,00,00,0,00,1
242,242,0,1,300920,00,ffffff,09,00,00,0,00,1
243,243,0,0,300940,00,000000,00,00,00,0,00,1
244,244,0,0,300960,00,000000,05,00,00,0,00,1
245,245,0,1,300540,00,ffffff,05,00,00,0,00,1
246,246,0,1,300560,00,ffffff,05,00,00,0,00,1
247,247,0,0,300580,00,000000,00,00,00,0,00,1
248,248,0,0,3005a0,00,000000,0b,00,00,0,00,1
249,249,0,1,300b80,00,ffffff,0b,00,00,0,00,1
250,250,0,1,300ba0,00,ffffff,0b,00,00,0,00,1
251,251,0,0,300bc0,00,000000,00,00,00,0,00,1
252,252,0,0,300be0,00,000000,0b,00,00,0,00,1
253,253,0,1,300b00,00,ffffff,0b,00,00,0,00,1
254,254,0,1,300b20,00,ffffff,0b,00,00,0,00,1
255,255,0,0,300b40,00,000000,00,00,00,0,00,1
256,256,0,0,300b60,00,000000,10,00,00,0,00,1
257,257,0,1,301000,00,ffffff,10,00,00,0,00,1
258,258,0,1,301020,00,ffffff,10,00,00,0,00,1
259,259,0,0,301040,00,000000,00,00,00,0,00,1
260,260,0,0,301060,00,000000,10,00,00,0,00,1
261,261,0,1,301040,00,ffffff,10,00,00,0,00,1
262,262,0,1,301060,00,ffffff,10,00,00,0,00,1
263,263,0,0,301080,00,000000,00,00,00,0,00,1
264,264,0,0,3010a0,00,000000,10,00,00,0,00,1
265,265,0,1,301080,00,ffffff,10,00,00,0,00,1
266,266,0,1,3010a0,00,ffffff,10,00,00,0,00,1
267,267,0,0,3010c0,00,000000,00,00,00,0,00,1
268,268,0,0,3010e0,00,000000,10,00,00,0,00,1
269,269,0,1,3010c0,00,ffffff,10,00,00,0,00,1
270,270,0,1,3010e0,00,ffffff,10,00,00,0,00,1
271,271,0,0,301100,00,000000,00,00,00,0,00,1
272,272,0,0,301120,00,000000,11,00,00,0,00,1
273,273,0,1,301100,00,ffffff,11,00,00,0,00,1
274,274,0,1,301120,00,ffffff,11,00,00,0,00,1
275,275,0,0,301140,00,000000,00,00,00,0,00,1
276,276,0,0,301160,00,000000,14,00,00,0,00,1
277,277,0,1,301400,00,ffffff,14,00,00,0,00,1
278,278,0,1,301420,00,ffffff,14,00,00,0,00,1
279,279,0,0,301440,00,000000,00,00,00,0,00,1
280,280,0,0,301460,00,000000,11,00,00,0,00,1
281,281,0,1,301180,00,ffffff,11,00,00,0,00,1
282,282,0,1,3011a0,00,ffffff,11,00,00,0,00,1
283,283,0,0,3011c0,00,000000,00,00,00,0,00,1
284,284,0,0,3011e0,00,000000,11,00,00,0,00,1
285,285,0,1,301140,00,ffffff,11,00,00,0,00,1
286,286,0,1,301160,00,ffffff,11,00,00,0,00,1
287,287,0,0,301180,00,000000,00,00,00,0,00,1
288,288,0,0,3011a0,00,000000,14,00,00,0,00,1
289,289,0,1,301440,00,ffffff,14,00,00,0,00,1
290,290,0,1,301460,00,ffffff,14,00,00,0,00,1
291,291,0,0,301480,00,000000,00,00,00,0,00,1
292,292,0,0,3014a0,00,000000,12,00,00,0,00,1
293,293,0,1,301200,00,ffffff,12,00,00,0,00,1
294,294,0,1,301220,00,ffffff,12,00,00,0,00,1
295,295,0,0,301240,00,000000,00,00,00,0,00,1
296,296,0,0,301260,00,000000,12,00,00,0,00,1
297,297,0,1,301280,00,ffffff,12,00,00,0,00,1
298,298,0,1,3012a0,00,ffffff,12,00,00,0,00,1
299,299,0,0,3012c0,00,000000,00,00,00,0,00,1
300,300,0,0,3012e0,00,000000,12,00,00,0,00,1
301,301,0,1,301240,00,ffffff,12,00,00,0,00,1
302,302,0,1,301260,00,ffffff,12,00,00,0,00,1
303,303,0,0,301280,00,000000,00,00,00,0,00,1
304,304,0,0,3012a0,00,000000,12,00,00,0,00,1
305,305,0,1,3012c0,00,ffffff,12,00,00,0,00,1
306,306,0,1,3012e0,00,ffffff,12,00,00,0,00,1
307,307,0,0,301300,00,000000,00,00,00,0,00,1
308,308,0,0,301320,00,000000,13,00,00,0,00,1
309,309,0,1,301300,00,ffffff,13,00,00,0,00,1
310,310,0,1,301320,00,ffffff,13,00,00,0,00,1
311,311,0,0,301340,00,000000,00,00,00,0,00,1
312,312,0,0,301360,00,000000,13,00,00,0,00,1
313,313,0,1,301380,00,ffffff,13,00,00,0,00,1
314,314,0,1,3013a0,00,ffffff,13,00,00,0,00,1
315,315,0,0,3013c0,00,000000,00,00,00,0,00,1
316,316,0,0,3013e0,00,000000,14,00,00,0,00,1
317,317,0,1,3014c0,00,ffffff,14,00,00,0,00,1
318,318,0,1,3014e0,00,ffffff,14,00,00,0,00,1
319,319,0,0,301500,00,000000,00,00,00,0,00,1
320,320,0,0,301520,00,000000,14,00,00,0,00,1
321,321,0,1,301480,00,ffffff,14,00,00,0,00,1
322,322,0,1,3014a0,00,ffffff,14,00,00,0,00,1
323,323,0,0,3014c0,00,000000,00,00,00,0,00,1
324,324,0,0,3014e0,00,000000,15,00,00,0,00,1
325,325,0,1,301540,00,ffffff,15,00,00,0,00,1
326,326,0,1,301560,00,ffffff,15,00,00,0,00,1
327,327,0,0,301580,00,000000,00,00,00,0,00,1
328,328,0,0,3015a0,00,000000,15,00,00,0,00,1
329,329,0,1,3015c0,00,ffffff,15,00,00,0,00,1
330,330,0,1,3015e0,00,ffffff,15,00,00,0,00,1
331,331,0,0,301600,00,000000,00,00,00,0,00,1
332,332,0,0,301620,00,000000,16,00,00,0,00,1
333,333,0,1,301640,00,ffffff,16,00,00,0,00,1
334,334,0,1,301660,00,ffffff,16,00,00,0,00,1
335,335,0,0,301680,00,000000,00,00,00,0,00,1
336,336,0,0,3016a0,00,000000,16,00,00,0,00,1
337,337,0,1,301600,00,ffffff,16,00,00,0,00,1
338,338,0,1,301620,00,ffffff,16,00,00,0,00,1
339,339,0,0,301640,00,000000,00,00,00,0,00,1
340,340,0,0,301660,00,000000,16,00,00,0,00,1
341,341,0,1,3016c0,00,ffffff,16,00,00,0,00,1
342,342,0,1,3016e0,00,ffffff,16,00,00,0,00,1
343,343,0,0,301700,00,000000,00,00,00,0,00,1
344,344,0,0,301720,00,000000,16,00,00,0,00,1
345,345,0,1,301680,00,ffffff,16,00,00,0,00,1
346,346,0,1,3016a0,00,ffffff,16,00,00,0,00,1
347,347,0,0,3016c0,00,000000,00,00,00,0,00,1
348,348,0,0,3016e0,00,000000,17,00,00,0,00,1
349,349,0,1,301740,00,ffffff,17,00,00,0,00,1
350,350,0,1,301760,00,ffffff,17,00,00,0,00,1
351,351,0,0,301780,00,000000,00,00,00,0,00,1
352,352,0,0,3017a0,00,000000,17,00,00,0,00,1
353,353,0,1,3017c0,00,ffffff,17,00,00,0,00,1
354,354,0,1,3017e0,00,ffffff,17,00,00,0,00,1
355,355,0,0,301800,00,000000,00,00,00,0,00,1
356,356,0,0,301820,00,000000,11,00,00,0,00,1
357,357,0,1,3011c0,00,ffffff,11,00,00,0,00,1
358,358,0,1,3011e0,00,ffffff,11,00,00,0,00,1
359,359,0,0,301200,00,000000,00,00,00,0,00,1
360,360,0,0,301220,00,000000,13,00,00,0,00,1
361,361,0,1,3013c0,00,ffffff,13,00,00,0,00,1
362,362,0,1,3013e0,00,ffffff,13,00,00,0,00,1
363,363,0,0,301400,00,000000,00,00,00,0,00,1
364,364,0,0,301420,00,000000,13,00,00,0,00,1
365,365,0,1,301340,00,ffffff,13,00,00,0,00,1
366,366,0,1,301360,00,ffffff,13,00,00,0,00,1
367,367,0,0,301380,00,000000,00,00,00,0,00,1
368,368,0,0,3013a0,00,000000,1c,00,00,0,00,1
369,369,0,1,301c40,00,ffffff,1c,00,00,0,00,1
370,370,0,1,301c60,00,ffffff,1c,00,00,0,00,1
371,371,0,0,301c80,00,000000,00,00,00,0,00,1
372,372,0,0,301ca0,00,000000,17,00,00,0,00,1
373,373,0,1,301700,00,ffffff,17,00,00,0,00,1
374,374,0,1,301720,00,ffffff,17,00,00,0,00,1
375,375,0,0,301740,00,000000,00,00,00,0,00,1
376,376,0,0,301760,00,000000,1c,00,00,0,00,1
377,377,0,1,301cc0,00,ffffff,1c,00,00,0,00,1
378,378,0,1,301ce0,00,ffffff,1c,00,00,0,00,1
379,379,0,0,301d00,00,000000,00,00,00,0,00,1
380,380,0,0,301d20,00,000000,1c,00,00,0,00,1
381,381,0,1,301c80,00,ffffff,1c,00,00,0,00,1
382,382,0,1,301ca0,00,ffffff,1c,00,00,0,00,1
383,383,0,0,301cc0,00,000000,00,00,00,0,00,1
384,384,0,0,301ce0,00,000000,18,00,00,0,00,1
385,385,0,1,301880,00,ffffff,18,00,00,0,00,1
386,386,0,1,3018a0,00,ffffff,18,00,00,0,00,1
387,387,0,0,3018c0,00,000000,00,00,00,0,00,1
388,388,0,0,3018e0,00,000000,1c,00,00,0,00,1
389,389,0,1,301c00,00,ffffff,1c,00,00,0,00,1
390,390,0,1,301c20,00,ffffff,1c,00,00,0,00,1
391,391,0,0,301c40,00,000000,00,00,00,0,00,1
392,392,0,0,301c60,00,000000,1d,00,00,0,00,1
393,393,0,1,301d40,00,ffffff,1d,00,00,0,00,1
394,394,0,1,301d60,00,ffffff,1d,00,00,0,00,1
395,395,0,0,301d80,00,000000,00,00,00,0,00,1
396,396,0,0,301da0,00,000000,1a,00,00,0,00,1
397,397,0,1,301ac0,00,ffffff,1a,00,00,0,00,1
398,398,0,1,301ae0,00,ffffff,1a,00,00,0,00,1
399,399,0,0,301b00,00,000000,00,00,00,0,00,1
400,400,0,0,301b20,00,000000,1d,00,00,0,00,1
401,401,0,1,301d00,00,ffffff,1d,00,00,0,00,1
402,402,0,1,301d20,00,ffffff,1d,00,00,0,00,1
403,403,0,0,301d40,00,000000,00,00,00,0,00,1
404,404,0,0,301d60,00,000000,1d,00,00,0,00,1
405,405,0,1,301dc0,00,ffffff,1d,00,00,0,00,1
406,406,0,1,301de0,00,ffffff,1d,00,00,0,00,1
407,407,0,0,301e00,00,000000,00,00,00,0,00,1
408,408,0,0,301e20,00,000000,1e,00,00,0,00,1
409,409,0,1,301e40,00,ffffff,1e,00,00,0,00,1
410,410,0,1,301e60,00,ffffff,1e,00,00,0,00,1
411,411,0,0,301e80,00,000000,00,00,00,0,00,1
412,412,0,0,301ea0,00,000000,1e,00,00,0,00,1
413,413,0,1,301ec0,00,ffffff,1e,00,00,0,00,1
414,414,0,1,301ee0,00,ffffff,1e,00,00,0,00,1
415,415,0,0,301f00,00,000000,00,00,00,0,00,1
416,416,0,0,301f20,00,000000,1e,00,00,0,00,1
417,417,0,1,301e80,00,ffffff,1e,00,00,0,00,1
418,418,0,1,301ea0,00,ffffff,1e,00,00,0,00,1
419,419,0,0,301ec0,00,000000,00,00,00,0,00,1
420,420,0,0,301ee0,00,000000,1f,00,00,0,00,1
421,421,0,1,301f40,00,ffffff,1f,00,00,0,00,1
422,422,0,1,301f60,00,ffffff,1f,00,00,0,00,1
423,423,0,0,301f80,00,000000,00,00,00,0,00,1
424,424,0,0,301fa0,00,000000,1e,00,00,0,00,1
425,425,0,1,301e00,00,ffffff,1e,00,00,0,00,1
426,426,0,1,301e20,00,ffffff,1e,00,00,0,00,1
427,427,0,0,301e40,00,000000,00,00,00,0,00,1
428,428,0,0,301e60,00,000000,18,00,00,0,00,1
429,429,0,1,301800,00,ffffff,18,00,00,0,00,1
430,430,0,1,301820,00,ffffff,18,00,00,0,00,1
431,431,0,0,301840,00,000000,00,00,00,0,00,1
432,432,0,0,301860,00,000000,1f,00,00,0,00,1
433,433,0,1,301fc0,00,ffffff,1f,00,00,0,00,1
434,434,0,1,301fe0,00,ffffff,1f,00,00,0,00,1
435,435,0,0,302000,00,000000,00,00,00,0,00,1
436,436,0,0,302020,00,000000,19,00,00,0,00,1
437,437,0,1,301980,00,ffffff,19,00,00,0,00,1
438,438,0,1,3019a0,00,ffffff,19,00,00,0,00,1
439,439,0,0,3019c0,00,000000,00,00,00,0,00,1
440,440,0,0,3019e0,00,000000,19,00,00,0,00,1
441,441,0,1,301940,00,ffffff,19,00,00,0,00,1
442,442,0,1,301960,00,ffffff,19,00,00,0,00,1
443,443,0,0,301980,00,000000,00,00,00,0,00,1
444,444,0,0,3019a0,00,000000,19,00,00,0,00,1
445,445,0,1,301900,00,ffffff,19,00,00,0,00,1
446,446,0,1,301920,00,ffffff,19,00,00,0,00,1
447,447,0,0,301940,00,000000,00,00,00,0,00,1
448,448,0,0,301960,00,000000,19,00,00,0,00,1
449,449,0,1,3019c0,00,ffffff,19,00,00,0,00,1
450,450,0,1,3019e0,00,ffffff,19,00,00,0,00,1
451,451,0,0,301a00,00,000000,00,00,00,0,00,1
452,452,0,0,301a20,00,000000,1a,00,00,0,00,1
453,453,0,1,301a80,00,ffffff,1a,00,00,0,00,1
454,454,0,1,301aa0,00,ffffff,1a,00,00,0,00,1
455,455,0,0,301ac0,00,000000,00,00,00,0,00,1
456,456,0,0,301ae0,00,000000,15,00,00,0,00,1
457,457,0,1,301500,00,ffffff,15,00,00,0,00,1
458,458,0,1,301520,00,ffffff,15,00,00,0,00,1
459,459,0,0,301540,00,000000,00,00,00,0,00,1
460,460,0,0,301560,00,000000,1b,00,00,0,00,1
461,461,0,1,301bc0,00,ffffff,1b,00,00,0,00,1
462,462,0,1,301be0,00,ffffff,1b,00,00,0,00,1
463,463,0,0,301c00,00,000000,00,00,00,0,00,1
464,464,0,0,301c20,00,000000,1a,00,00,0,00,1
465,465,0,1,301a40,00,ffffff,1a,00,00,0,00,1
466,466,0,1,301a60,00,ffffff,1a,00,00,0,00,1
467,467,0,0,301a80,00,000000,00,00,00,0,00,1
468,468,0,0,301aa0,00,000000,1a,00,00,0,00,1
469,469,0,1,301a00,00,ffffff,1a,00,00,0,00,1
470,470,0,1,301a20,00,ffffff,1a,00,00,0,00,1
471,471,0,0,301a40,00,000000,00,00,00,0,00,1
472,472,0,0,301a60,00,000000,18,00,00,0,00,1
473,473,0,1,301840,00,ffffff,18,00,00,0,00,1
474,474,0,1,301860,00,ffffff,18,00,00,0,00,1
475,475,0,0,301880,00,000000,00,00,00,0,00,1
476,476,0,0,3018a0,00,000000,1b,00,00,0,00,1
477,477,0,1,301b00,00,ffffff,1b,00,00,0,00,1
478,478,0,1,301b20,00,ffffff,1b,00,00,0,00,1
479,479,0,0,301b40,00,000000,00,00,00,0,00,1
480,480,0,0,301b60,00,000000,1b,00,00,0,00,1
481,481,0,1,301b80,00,ffffff,1b,00,00,0,00,1
482,482,0,1,301ba0,00,ffffff,1b,00,00,0,00,1
483,483,0,0,301bc0,00,000000,00,00,00,0,00,1
484,484,0,0,301be0,00,000000,1d,00,00,0,00,1
485,485,0,1,301d80,00,ffffff,1d,00,00,0,00,1
486,486,0,1,301da0,00,ffffff,1d,00,00,0,00,1
487,487,0,0,301dc0,00,000000,00,00,00,0,00,1
488,488,0,0,301de0,00,000000,1f,00,00,0,00,1
489,489,0,1,301f00,00,ffffff,1f,00,00,0,00,1
490,490,0,1,301f20,00,ffffff,1f,00,00,0,00,1
491,491,0,0,301f40,00,000000,00,00,00,0,00,1
492,492,0,0,301f60,00,000000,1f,00,00,0,00,1
493,493,0,1,301f80,00,ffffff,1f,00,00,0,00,1
494,494,0,1,301fa0,00,ffffff,1f,00,00,0,00,1
495,495,0,0,301fc0,00,000000,00,00,00,0,00,1
496,496,0,0,301fe0,00,000000,17,00,00,0,00,1
497,497,0,1,301780,00,ffffff,17,00,00,0,00,1
498,498,0,1,3017a0,00,ffffff,17,00,00,0,00,1
499,499,0,0,3017c0,00,000000,00,00,00,0,00,1
500,500,0,0,3017e0,00,000000,1b,00,00,0,00,1
501,501,0,1,301b40,00,ffffff,1b,00,00,0,00,1
502,502,0,1,301b60,00,ffffff,1b,00,00,0,00,1
503,503,0,0,301b80,00,000000,00,00,00,0,00,1
504,504,0,0,301ba0,00,000000,15,00,00,0,00,1
505,505,0,1,301580,00,ffffff,15,00,00,0,00,1
506,506,0,1,3015a0,00,ffffff,15,00,00,0,00,1
507,507,0,0,3015c0,00,000000,00,00,00,0,00,1
508,508,0,0,3015e0,00,000000,18,00,00,0,00,1
509,509,0,1,3018c0,00,ffffff,18,00,00,0,00,1
510,510,0,1,3018e0,00,ffffff,18,00,00,0,00,1
511,511,0,0,301900,00,000000,00,00,00,0,00,1
512,512,0,0,301920,00,000000,20,00,00,0,00,1
513,513,0,1,302000,00,ffffff,20,00,00,0,00,1
514,514,0,1,302020,00,ffffff,20,00,00,0,00,1
515,515,0,0,302040,00,000000,00,00,00,0,00,1
516,516,0,0,302060,00,000000,20,00,00,0,00,1
517,517,0,1,302040,00,ffffff,20,00,00,0,00,1
518,518,0,1,302060,00,ffffff,20,00,00,0,00,1
519,519,0,0,302080,00,000000,00,00,00,0,00,1
520,520,0,0,3020a0,00,000000,20,00,00,0,00,1
521,521,0,1,3020c0,00,ffffff,20,00,00,0,00,1
522,522,0,1,3020e0,00,ffffff,20,00,00,0,00,1
523,523,0,0,302100,00,000000,00,00,00,0,00,1
524,524,0,0,302120,00,000000,21,00,00,0,00,1
525,525,0,1,302140,00,ffffff,21,00,00,0,00,1
526,526,0,1,302160,00,ffffff,21,00,00,0,00,1
527,527,0,0,302180,00,000000,00,00,00,0,00,1
528,528,0,0,3021a0,00,000000,22,00,00,0,00,1
529,529,0,1,302200,00,ffffff,22,00,00,0,00,1
530,530,0,1,302220,00,ffffff,22,00,00,0,00,1
531,531,0,0,302240,00,000000,00,00,00,0,00,1
532,532,0,0,302260,00,000000,20,00,00,0,00,1
533,533,0,1,302080,00,ffffff,20,00,00,0,00,1
534,534,0,1,3020a0,00,ffffff,20,00,00,0,00,1
535,535,0,0,3020c0,00,000000,00,00,00,0,00,1
536,536,0,0,3020e0,00,000000,21,00,00,0,00,1
537,537,0,1,302100,00,ffffff,21,00,00,0,00,1
538,538,0,1,302120,00,ffffff,21,00,00,0,00,1
539,539,0,0,302140,00,000000,00,00,00,0,00,1
540,540,0,0,302160,00,000000,21,00,00,0,00,1
541,541,0,1,3021c0,00,ffffff,21,00,00,0,00,1
542,542,0,1,3021e0,00,ffffff,21,00,00,0,00,1
543,543,0,0,302200,00,000000,00,00,00,0,00,1
544,544,0,0,302220,00,000000,22,00,00,0,00,1
545,545,0,1,302240,00,ffffff,22,00,00,0,00,1
546,546,0,1,302260,00,ffffff,22,00,00,0,00,1
547,547,0,0,302280,00,000000,00,00,00,0,00,1
548,548,0,0,3022a0,00,000000,22,00,00,0,00,1
549,549,0,1,302280,00,ffffff,22,00,00,0,00,1
550,550,0,1,3022a0,00,ffffff,22,00,00,0,00,1
551,551,0,0,3022c0,00,000000,00,00,00,0,00,1
552,552,0,0,3022e0,00,000000,22,00,00,0,00,1
553,553,0,1,3022c0,00,ffffff,22,00,00,0,00,1
554,554,0,1,3022e0,00,ffffff,22,00,00,0,00,1
555,555,0,0,302300,00,000000,00,00,00,0,00,1
556,556,0,0,302320,00,000000,23,00,00,0,00,1
557,557,0,1,302340,00,ffffff,23,00,00,0,00,1
558,558,0,1,302360,00,ffffff,23,00,00,0,00,1
559,559,0,0,302380,00,000000,00,00,00,0,00,1
560,560,0,0,3023a0,00,000000,23,00,00,0,00,1
561,561,0,1,3023c0,00,ffffff,23,00,00,0,00,1
562,562,0,1,3023e0,00,ffffff,23,00,00,0,00,1
563,563,0,0,302400,00,000000,00,00,00,0,00,1
564,564,0,0,302420,00,000000,24,00,00,0,00,1
565,565,0,1,302400,00,ffffff,24,00,00,0,00,1
566,566,0,1,302420,00,ffffff,24,00,00,0,00,1
567,567,0,0,302440,00,000000,00,00,00,0,00,1
568,568,0,0,302460,00,000000,24,00,00,0,00,1
569,569,0,1,302440,00,ffffff,24,00,00,0,00,1
570,570,0,1,302460,00,ffffff,24,00,00,0,00,1
571,571,0,0,302480,00,000000,00,00,00,0,00,1
572,572,0,0,3024a0,00,000000,24,00,00,0,00,1
573,573,0,1,302480,00,ffffff,24,00,00,0,00,1
574,574,0,1,3024a0,00,ffffff,24,00,00,0,00,1
575,575,0,0,3024c0,00,000000,00,00,00,0,00,1
576,576,0,0,3024e0,00,000000,25,00,00,0,00,1
577,577,0,1,302500,00,ffffff,25,00,00,0,00,1
578,578,0,1,302520,00,ffffff,25,00,00,0,00,1
579,579,0,0,302540,00,000000,00,00,00,0,00,1
580,580,0,0,302560,00,000000,24,00,00,0,00,1
581,581,0,1,3024c0,00,ffffff,24,00,00,0,00,1
582,582,0,1,3024e0,00,ffffff,24,00,00,0,00,1
583,583,0,0,302500,00,000000,00,00,00,0,00,1
584,584,0,0,302520,00,000000,26,00,00,0,00,1
585,585,0,1,302640,00,ffffff,26,00,00,0,00,1
586,586,0,1,302660,00,ffffff,26,00,00,0,00,1
587,587,0,0,302680,00,000000,00,00,00,0,00,1
588,588,0,0,3026a0,00,000000,26,00,00,0,00,1
589,589,0,1,302600,00,ffffff,26,00,00,0,00,1
590,590,0,1,302620,00,ffffff,26,00,00,0,00,1
591,591,0,0,302640,00,000000,00,00,00,0,00,1
592,592,0,0,302660,00,000000,26,00,00,0,00,1
593,593,0,1,302680,00,ffffff,26,00,00,0,00,1
594,594,0,1,3026a0,00,ffffff,26,00,00,0,00,1
595,595,0,0,3026c0,00,000000,00,00,00,0,00,1
596,596,0,0,3026e0,00,000000,27,00,00,0,00,1
597,597,0,1,302700,00,ffffff,27,00,00,0,00,1
598,598,0,1,302720,00,ffffff,27,00,00,0,00,1
599,599,0,0,302740,00,000000,00,00,00,0,00,1
600,600,0,0,302760,00,000000,25,00,00,0,00,1
601,601,0,1,302580,00,ffffff,25,00,00,0,00,1
602,602,0,1,3025a0,00,ffffff,25,00,00,0,00,1
603,603,0,0,3025c0,00,000000,00,00,00,0,00,1
604,604,0,0,3025e0,00,000000,26,00,00,0,00,1
605,605,0,1,3026c0,00,ffffff,26,00,00,0,00,1
606,606,0,1,3026e0,00,ffffff,26,00,00,0,00,1
607,607,0,0,302700,00,000000,00,00,00,0,00,1
608,608,0,0,302720,00,000000,27,00,00,0,00,1
609,609,0,1,302780,00,ffffff,27,00,00,0,00,1
610,610,0,1,3027a0,00,ffffff,27,00,00,0,00,1
611,611,0,0,3027c0,00,000000,00,00,00,0,00,1
612,612,0,0,3027e0,00,000000,25,00,00,0,00,1
613,613,0,1,3025c0,00,ffffff,25,00,00,0,00,1
614,614,0,1,3025e0,00,ffffff,25,00,00,0,00,1
615,615,0,0,302600,00,000000,00,00,00,0,00,1
616,616,0,0,302620,00,000000,25,00,00,0,00,1
617,617,0,1,302540,00,ffffff,25,00,00,0,00,1
618,618,0,1,302560,00,ffffff,25,00,00,0,00,1
619,619,0,0,302580,00,000000,00,00,00,0,00,1
620,620,0,0,3025a0,00,000000,27,00,00,0,00,1
621,621,0,1,302740,00,ffffff,27,00,00,0,00,1
622,622,0,1,302760,00,ffffff,27,00,00,0,00,1
623,623,0,0,302780,00,000000,00,00,00,0,00,1
624,624,0,0,3027a0,00,000000,2c,00,00,0,00,1
625,625,0,1,302c00,00,ffffff,2c,00,00,0,00,1
626,626,0,1,302c20,00,ffffff,2c,00,00,0,00,1
627,627,0,0,302c40,00,000000,00,00,00,0,00,1
628,628,0,0,302c60,00,000000,27,00,00,0,00,1
629,629,0,1,3027c0,00,ffffff,27,00,00,0,00,1
630,630,0,1,3027e0,00,ffffff,27,00,00,0,00,1
631,631,0,0,302800,00,000000,00,00,00,0,00,1
632,632,0,0,302820,00,000000,2c,00,00,0,00,1
633,633,0,1,302c80,00,ffffff,2c,00,00,0,00,1
634,634,0,1,302ca0,00,ffffff,2c,00,00,0,00,1
635,635,0,0,302cc0,00,000000,00,00,00,0,00,1
636,636,0,0,302ce0,00,000000,21,00,00,0,00,1
637,637,0,1,302180,00,ffffff,21,00,00,0,00,1
638,638,0,1,3021a0,00,ffffff,21,00,00,0,00,1
639,639,0,0,3021c0,00,000000,00,00,00,0,00,1
640,640,0,0,3021e0,00,000000,2d,00,00,0,00,1
641,641,0,1,302d00,00,ffffff,2d,00,00,0,00,1
642,642,0,1,302d20,00,ffffff,2d,00,00,0,00,1
643,643,0,0,302d40,00,000000,00,00,00,0,00,1
644,644,0,0,302d60,00,000000,2c,00,00,0,00,1
645,645,0,1,302cc0,00,ffffff,2c,00,00,0,00,1
646,646,0,1,302ce0,00,ffffff,2c,00,00,0,00,1
647,647,0,0,302d00,00,000000,00,00,00,0,00,1
648,648,0,0,302d20,00,000000,2c,00,00,0,00,1
649,649,0,1,302c40,00,ffffff,2c,00,00,0,00,1
650,650,0,1,302c60,00,ffffff,2c,00,00,0,00,1
651,651,0,0,302c80,00,000000,00,00,00,0,00,1
652,652,0,0,302ca0,00,000000,2d,00,00,0,00,1
653,653,0,1,302d80,00,ffffff,2d,00,00,0,00,1
654,654,0,1,302da0,00,ffffff,2d,00,00,0,00,1
655,655,0,0,302dc0,00,000000,00,00,00,0,00,1
656,656,0,0,302de0,00,000000,23,00,00,0,00,1
657,657,0,1,302300,00,ffffff,23,00,00,0,00,1
658,658,0,1,302320,00,ffffff,23,00,00,0,00,1
659,659,0,0,302340,00,000000,00,00,00,0,00,1
660,660,0,0,302360,00,000000,28,00,00,0,00,1
661,661,0,1,302840,00,ffffff,28,00,00,0,00,1
662,662,0,1,302860,00,ffffff,28,00,00,0,00,1
663,663,0,0,302880,00,000000,00,00,00,0,00,1
664,664,0,0,3028a0,00,000000,29,00,00,0,00,1
665,665,0,1,302980,00,ffffff,29,00,00,0,00,1
666,666,0,1,3029a0,00,ffffff,29,00,00,0,00,1
667,667,0,0,3029c0,00,000000,00,00,00,0,00,1
668,668,0,0,3029e0,00,000000,29,00,00,0,00,1
669,669,0,1,302900,00,ffffff,29,00,00,0,00,1
670,670,0,1,302920,00,ffffff,29,00,00,0,00,1
671,671,0,0,302940,00,000000,00,00,00,0,00,1
672,672,0,0,302960,00,000000,2d,00,00,0,00,1
673,673,0,1,302d40,00,ffffff,2d,00,00,0,00,1
674,674,0,1,302d60,00,ffffff,2d,00,00,0,00,1
675,675,0,0,302d80,00,000000,00,00,00,0,00,1
676,676,0,0,302da0,00,000000,2e,00,00,0,00,1
677,677,0,1,302e00,00,ffffff,2e,00,00,0,00,1
678,678,0,1,302e20,00,ffffff,2e,00,00,0,00,1
679,679,0,0,302e40,00,000000,00,00,00,0,00,1
680,680,0,0,302e60,00,000000,28,00,00,0,00,1
681,681,0,1,3028c0,00,ffffff,28,00,00,0,00,1
682,682,0,1,3028e0,00,ffffff,28,00,00,0,00,1
683,683,0,0,302900,00,000000,00,00,00,0,00,1
684,684,0,0,302920,00,000000,29,00,00,0,00,1
685,685,0,1,3029c0,00,ffffff,29,00,00,0,00,1
686,686,0,1,3029e0,00,ffffff,29,00,00,0,00,1
687,687,0,0,302a00,00,000000,00,00,00,0,00,1
688,688,0,0,302a20,00,000000,2e,00,00,0,00,1
689,689,0,1,302e80,00,ffffff,2e,00,00,0,00,1
690,690,0,1,302ea0,00,ffffff,2e,00,00,0,00,1
691,691,0,0,302ec0,00,000000,00,00,00,0,00,1
692,692,0,0,302ee0,00,000000,2e,00,00,0,00,1
693,693,0,1,302ec0,00,ffffff,2e,00,00,0,00,1
694,694,0,1,302ee0,00,ffffff,2e,00,00,0,00,1
695,695,0,0,302f00,00,000000,00,00,00,0,00,1
696,696,0,0,302f20,00,000000,2f,00,00,0,00,1
697,697,0,1,302f00,00,ffffff,2f,00,00,0,00,1
698,698,0,1,302f20,00,ffffff,2f,00,00,0,00,1
699,699,0,0,302f40,00,000000,00,00,00,0,00,1
700,700,0,0,302f60,00,000000,2b,00,00,0,00,1
701,701,0,1,302b80,00,ffffff,2b,00,00,0,00,1
702,702,0,1,302ba0,00,ffffff,2b,00,00,0,00,1
703,703,0,0,302bc0,00,000000,00,00,00,0,00,1
704,704,0,0,302be0,00,000000,2f,00,00,0,00,1
705,705,0,1,302f80,00,ffffff,2f,00,00,0,00,1
706,706,0,1,302fa0,00,ffffff,2f,00,00,0,00,1
707,707,0,0,302fc0,00,000000,00,00,00,0,00,1
708,708,0,0,302fe0,00,000000,2f,00,00,0,00,1
709,709,0,1,302fc0,00,ffffff,2f,00,00,0,00,1
710,710,0,1,302fe0,00,ffffff,2f,00,00,0,00,1
711,711,0,0,303000,00,000000,00,00,00,0,00,1
712,712,0,0,303020,00,000000,23,00,00,0,00,1
713,713,0,1,302380,00,ffffff,23,00,00,0,00,1
714,714,0,1,3023a0,00,ffffff,23,00,00,0,00,1
715,715,0,0,3023c0,00,000000,00,00,00,0,00,1
716,716,0,0,3023e0,00,000000,2a,00,00,0,00,1
717,717,0,1,302a40,00,ffffff,2a,00,00,0,00,1
718,718,0,1,302a60,00,ffffff,2a,00,00,0,00,1
719,719,0,0,302a80,00,000000,00,00,00,0,00,1
720,720,0,0,302aa0,00,000000,2a,00,00,0,00,1
721,721,0,1,302ac0,00,ffffff,2a,00,00,0,00,1
722,722,0,1,302ae0,00,ffffff,2a,00,00,0,00,1
723,723,0,0,302b00,00,000000,00,00,00,0,00,1
724,724,0,0,302b20,00,000000,2b,00,00,0,00,1
725,725,0,1,302b40,00,ffffff,2b,00,00,0,00,1
726,726,0,1,302b60,00,ffffff,2b,00,00,0,00,1
727,727,0,0,302b80,00,000000,00,00,00,0,00,1
728,728,0,0,302ba0,00,000000,2b,00,00,0,00,1
729,729,0,1,302b00,00,ffffff,2b,00,00,0,00,1
730,730,0,1,302b20,00,ffffff,2b,00,00,0,00,1
731,731,0,0,302b40,00,000000,00,00,00,0,00,1
732,732,0,0,302b60,00,000000,2a,00,00,0,00,1
733,733,0,1,302a80,00,ffffff,2a,00,00,0,00,1
734,734,0,1,302aa0,00,ffffff,2a,00,00,0,00,1
735,735,0,0,302ac0,00,000000,00,00,00,0,00,1
736,736,0,0,302ae0,00,000000,2b,00,00,0,00,1
737,737,0,1,302bc0,00,ffffff,2b,00,00,0,00,1
738,738,0,1,302be0,00,ffffff,2b,00,00,0,00,1
739,739,0,0,302c00,00,000000,00,00,00,0,00,1
740,740,0,0,302c20,00,000000,29,00,00,0,00,1
741,741,0,1,302940,00,ffffff,29,00,00,0,00,1
742,742,0,1,302960,00,ffffff,29,00,00,0,00,1
743,743,0,0,302980,00,000000,00,00,00,0,00,1
744,744,0,0,3029a0,00,000000,28,00,00,0,00,1
745,745,0,1,302880,00,ffffff,28,00,00,0,00,1
746,746,0,1,3028a0,00,ffffff,28,00,00,0,00,1
747,747,0,0,3028c0,00,000000,00,00,00,0,00,1
748,748,0,0,3028e0,00,000000,28,00,00,0,00,1
749,749,0,1,302800,00,ffffff,28,00,00,0,00,1
750,750,0,1,302820,00,ffffff,28,00,00,0,00,1
751,751,0,0,302840,00,000000,00,00,00,0,00,1
752,752,0,0,302860,00,000000,2a,00,00,0,00,1
753,753,0,1,302a00,00,ffffff,2a,00,00,0,00,1
754,754,0,1,302a20,00,ffffff,2a,00,00,0,00,1
755,755,0,0,302a40,00,000000,00,00,00,0,00,1
756,756,0,0,302a60,00,000000,2d,00,00,0,00,1
757,757,0,1,302dc0,00,ffffff,2d,00,00,0,00,1
758,758,0,1,302de0,00,ffffff,2d,00,00,0,00,1
759,759,0,0,302e00,00,000000,00,00,00,0,00,1
760,760,0,0,302e20,00,000000,2e,00,00,0,00,1
761,761,0,1,302e40,00,ffffff,2e,00,00,0,00,1
762,762,0,1,302e60,00,ffffff,2e,00,00,0,00,1
763,763,0,0,302e80,00,000000,00,00,00,0,00,1
764,764,0,0,302ea0,00,000000,2f,00,00,0,00,1
765,765,0,1,302f40,00,ffffff,2f,00,00,0,00,1
766,766,0,1,302f60,00,ffffff,2f,00,00,0,00,1
767,767,0,0,302f80,00,000000,00,00,00,0,00,1
768,768,0,0,302fa0,00,000000,30,00,00,0,00,1
769,769,0,1,303000,00,ffffff,30,00,00,0,00,1
770,770,0,1,303020,00,ffffff,30,00,00,0,00,1
771,771,0,0,303040,00,000000,00,00,00,0,00,1
772,772,0,0,303060,00,000000,30,00,00,0,00,1
773,773,0,1,303040,00,ffffff,30,00,00,0,00,1
774,774,0,1,303060,00,ffffff,30,00,00,0,00,1
775,775,0,0,303080,00,000000,00,00,00,0,00,1
776,776,0,0,3030a0,00,000000,30,00,00,0,00,1
777,777,0,1,303080,00,ffffff,30,00,00,0,00,1
778,778,0,1,3030a0,00,ffffff,30,00,00,0,00,1
779,779,0,0,3030c0,00,000000,00,00,00,0,00,1
780,780,0,0,3030e0,00,000000,30,00,00,0,00,1
781,781,0,1,3030c0,00,ffffff,30,00,00,0,00,1
782,782,0,1,3030e0,00,ffffff,30,00,00,0,00,1
783,783,0,0,303100,00,000000,00,00,00,0,00,1
784,784,0,0,303120,00,000000,31,00,00,0,00,1
785,785,0,1,303100,00,ffffff,31,00,00,0,00,1
786,786,0,1,303120,00,ffffff,31,00,00,0,00,1
787,787,0,0,303140,00,000000,00,00,00,0,00,1
788,788,0,0,303160,00,000000,31,00,00,0,00,1
789,789,0,1,303140,00,ffffff,31,00,00,0,00,1
790,790,0,1,303160,00,ffffff,31,00,00,0,00,1
791,791,0,0,303180,00,000000,00,00,00,0,00,1
792,792,0,0,3031a0,00,000000,31,00,00,0,00,1
793,793,0,1,303180,00,ffffff,31,00,00,0,00,1
794,794,0,1,3031a0,00,ffffff,31,00,00,0,00,1
795,795,0,0,3031c0,00,000000,00,00,00,0,00,1
796,796,0,0,3031e0,00,000000,32,00,00,0,00,1
797,797,0,1,303200,00,ffffff,32,00,00,0,00,1
798,798,0,1,303220,00,ffffff,32,00,00,0,00,1
799,799,0,0,303240,00,000000,00,00,00,0,00,1
800,800,0,0,303260,00,000000,32,00,00,0,00,1
801,801,0,1,303240,00,ffffff,32,00,00,0,00,1
802,802,0,1,303260,00,ffffff,32,00,00,0,00,1
803,803,0,0,303280,00,000000,00,00,00,0,00,1
804,804,0,0,3032a0,00,000000,32,00,00,0,00,1
805,805,0,1,303280,00,ffffff,32,00,00,0,00,1
806,806,0,1,3032a0,00,ffffff,32,00,00,0,00,1
807,807,0,0,3032c0,00,000000,00,00,00,0,00,1
808,808,0,0,3032e0,00,000000,33,00,00,0,00,1
809,809,0,1,303300,00,ffffff,33,00,00,0,00,1
810,810,0,1,303320,00,ffffff,33,00,00,0,00,1
811,811,0,0,303340,00,000000,00,00,00,0,00,1
812,812,0,0,303360,00,000000,32,00,00,0,00,1
813,813,0,1,3032c0,00,ffffff,32,00,00,0,00,1
814,814,0,1,3032e0,00,ffffff,32,00,00,0,00,1
815,815,0,0,303300,00,000000,00,00,00,0,00,1
816,816,0,0,303320,00,000000,33,00,00,0,00,1
817,817,0,1,303380,00,ffffff,33,00,00,0,00,1
818,818,0,1,3033a0,00,ffffff,33,00,00,0,00,1
819,819,0,0,3033c0,00,000000,00,00,00,0,00,1
820,820,0,0,3033e0,00,000000,34,00,00,0,00,1
821,821,0,1,303440,00,ffffff,34,00,00,0,00,1
822,822,0,1,303460,00,ffffff,34,00,00,0,00,1
823,823,0,0,303480,00,000000,00,00,00,0,00,1
824,824,0,0,3034a0,00,000000,34,00,00,0,00,1
825,825,0,1,303400,00,ffffff,34,00,00,0,00,1
826,826,0,1,303420,00,ffffff,34,00,00,0,00,1
827,827,0,0,303440,00,000000,00,00,00,0,00,1
828,828,0,0,303460,00,000000,34,00,00,0,00,1
829,829,0,1,303480,00,ffffff,34,00,00,0,00,1
830,830,0,1,3034a0,00,ffffff,34,00,00,0,00,1
831,831,0,0,3034c0,00,000000,00,00,00,0,00,1
832,832,0,0,3034e0,00,000000,34,00,00,0,00,1
833,833,0,1,3034c0,00,ffffff,34,00,00,0,00,1
834,834,0,1,3034e0,00,ffffff,34,00,00,0,00,1
835,835,0,0,303500,00,000000,00,00,00,0,00,1
836,836,0,0,303520,00,000000,35,00,00,0,00,1
837,837,0,1,303540,00,ffffff,35,00,00,0,00,1
838,838,0,1,303560,00,ffffff,35,00,00,0,00,1
839,839,0,0,303580,00,000000,00,00,00,0,00,1
840,840,0,0,3035a0,00,000000,35,00,00,0,00,1
841,841,0,1,3035c0,00,ffffff,35,00,00,0,00,1
842,842,0,1,3035e0,00,ffffff,35,00,00,0,00,1
843,843,0,0,303600,00,000000,00,00,00,0,00,1
844,844,0,0,303620,00,000000,36,00,00,0,00,1
845,845,0,1,303640,00,ffffff,36,00,00,0,00,1
846,846,0,1,303660,00,ffffff,36,00,00,0,00,1
847,847,0,0,303680,00,000000,00,00,00,0,00,1
848,848,0,0,3036a0,00,000000,36,00,00,0,00,1
849,849,0,1,303600,00,ffffff,36,00,00,0,00,1
850,850,0,1,303620,00,ffffff,36,00,00,0,00,1
851,851,0,0,303640,00,000000,00,00,00,0,00,1
852,852,0,0,303660,00,000000,36,00,00,0,00,1
853,853,0,1,3036c0,00,ffffff,36,00,00,0,00,1
854,854,0,1,3036e0,00,ffffff,36,00,00,0,00,1
855,855,0,0,303700,00,000000,00,00,00,0,00,1
856,856,0,0,303720,00,000000,36,00,00,0,00,1
857,857,0,1,303680,00,ffffff,36,00,00,0,00,1
858,858,0,1,3036a0,00,ffffff,36,00,00,0,00,1
859,859,0,0,3036c0,00,000000,00,00,00,0,00,1
860,860,0,0,3036e0,00,000000,33,00,00,0,00,1
861,861,0,1,3033c0,00,ffffff,33,00,00,0,00,1
862,862,0,1,3033e0,00,ffffff,33,00,00,0,00,1
863,863,0,0,303400,00,000000,00,00,00,0,00,1
864,864,0,0,303420,00,000000,35,00,00,0,00,1
865,865,0,1,303580,00,ffffff,35,00,00,0,00,1
866,866,0,1,3035a0,00,ffffff,35,00,00,0,00,1
867,867,0,0,3035c0,00,000000,00,00,00,0,00,1
868,868,0,0,3035e0,00,000000,37,00,00,0,00,1
869,869,0,1,303740,00,ffffff,37,00,00,0,00,1
870,870,0,1,303760,00,ffffff,37,00,00,0,00,1
871,871,0,0,303780,00,000000,00,00,00,0,00,1
872,872,0,0,3037a0,00,000000,37,00,00,0,00,1
873,873,0,1,3037c0,00,ffffff,37,00,00,0,00,1
874,874,0,1,3037e0,00,ffffff,37,00,00,0,00,1
875,875,0,0,303800,00,000000,00,00,00,0,00,1
876,876,0,0,303820,00,000000,37,00,00,0,00,1
877,877,0,1,303700,00,ffffff,37,00,00,0,00,1
878,878,0,1,303720,00,ffffff,37,00,00,0,00,1
879,879,0,0,303740,00,000000,00,00,00,0,00,1
880,880,0,0,303760,00,000000,35,00,00,0,00,1
881,881,0,1,303500,00,ffffff,35,00,00,0,00,1
882,882,0,1,303520,00,ffffff,35,00,00,0,00,1
883,883,0,0,303540,00,000000,00,00,00,0,00,1
884,884,0,0,303560,00,000000,37,00,00,0,00,1
885,885,0,1,303780,00,ffffff,37,00,00,0,00,1
886,886,0,1,3037a0,00,ffffff,37,00,00,0,00,1
887,887,0,0,3037c0,00,000000,00,00,00,0,00,1
888,888,0,0,3037e0,00,000000,3c,00,00,0,00,1
889,889,0,1,303c40,00,ffffff,3c,00,00,0,00,1
890,890,0,1,303c60,00,ffffff,3c,00,00,0,00,1
891,891,0,0,303c80,00,000000,00,00,00,0,00,1
892,892,0,0,303ca0,00,000000,3c,00,00,0,00,1
893,893,0,1,303cc0,00,ffffff,3c,00,00,0,00,1
894,894,0,1,303ce0,00,ffffff,3c,00,00,0,00,1
895,895,0,0,303d00,00,000000,00,00,00,0,00,1
896,896,0,0,303d20,00,000000,33,00,00,0,00,1
897,897,0,1,303340,00,ffffff,33,00,00,0,00,1
898,898,0,1,303360,00,ffffff,33,00,00,0,00,1
899,899,0,0,303380,00,000000,00,00,00,0,00,1
900,900,0,0,3033a0,00,000000,3d,00,00,0,00,1
901,901,0,1,303d40,00,ffffff,3d,00,00,0,00,1
902,902,0,1,303d60,00,ffffff,3d,00,00,0,00,1
903,903,0,0,303d80,00,000000,00,00,00,0,00,1
904,904,0,0,303da0,00,000000,3d,00,00,0,00,1
905,905,0,1,303dc0,00,ffffff,3d,00,00,0,00,1
906,906,0,1,303de0,00,ffffff,3d,00,00,0,00,1
907,907,0,0,303e00,00,000000,00,00,00,0,00,1
908,908,0,0,303e20,00,000000,3c,00,00,0,00,1
909,909,0,1,303c80,00,ffffff,3c,00,00,0,00,1
910,910,0,1,303ca0,00,ffffff,3c,00,00,0,00,1
911,911,0,0,303cc0,00,000000,00,00,00,0,00,1
912,912,0,0,303ce0,00,000000,38,00,00,0,00,1
913,913,0,1,303840,00,ffffff,38,00,00,0,00,1
914,914,0,1,303860,00,ffffff,38,00,00,0,00,1
915,915,0,0,303880,00,000000,00,00,00,0,00,1
916,916,0,0,3038a0,00,000000,38,00,00,0,00,1
917,917,0,1,3038c0,00,ffffff,38,00,00,0,00,1
918,918,0,1,3038e0,00,ffffff,38,00,00,0,00,1
919,919,0,0,303900,00,000000,00,00,00,0,00,1
920,920,0,0,303920,00,000000,3e,00,00,0,00,1
921,921,0,1,303e40,00,ffffff,3e,00,00,0,00,1
922,922,0,1,303e60,00,ffffff,3e,00,00,0,00,1
923,923,0,0,303e80,00,000000,00,00,00,0,00,1
924,924,0,0,303ea0,00,000000,3e,00,00,0,00,1
925,925,0,1,303ec0,00,ffffff,3e,00,00,0,00,1
926,926,0,1,303ee0,00,ffffff,3e,00,00,0,00,1
927,927,0,0,303f00,00,000000,00,00,00,0,00,1
928,928,0,0,303f20,00,000000,3e,00,00,0,00,1
929,929,0,1,303e00,00,ffffff,3e,00,00,0,00,1
930,930,0,1,303e20,00,ffffff,3e,00,00,0,00,1
931,931,0,0,303e40,00,000000,00,00,00,0,00,1
932,932,0,0,303e60,00,000000,3c,00,00,0,00,1
933,933,0,1,303c00,00,ffffff,3c,00,00,0,00,1
934,934,0,1,303c20,00,ffffff,3c,00,00,0,00,1
935,935,0,0,303c40,00,000000,00,00,00,0,00,1
936,936,0,0,303c60,00,000000,3e,00,00,0,00,1
937,937,0,1,303e80,00,ffffff,3e,00,00,0,00,1
938,938,0,1,303ea0,00,ffffff,3e,00,00,0,00,1
939,939,0,0,303ec0,00,000000,00,00,00,0,00,1
940,940,0,0,303ee0,00,000000,39,00,00,0,00,1
941,941,0,1,303980,00,ffffff,39,00,00,0,00,1
942,942,0,1,3039a0,00,ffffff,39,00,00,0,00,1
943,943,0,0,3039c0,00,000000,00,00,00,0,00,1
944,944,0,0,3039e0,00,000000,38,00,00,0,00,1
945,945,0,1,303880,00,ffffff,38,00,00,0,00,1
946,946,0,1,3038a0,00,ffffff,38,00,00,0,00,1
947,947,0,0,3038c0,00,000000,00,00,00,0,00,1
948,948,0,0,3038e0,00,000000,3f,00,00,0,00,1
949,949,0,1,303f40,00,ffffff,3f,00,00,0,00,1
950,950,0,1,303f60,00,ffffff,3f,00,00,0,00,1
951,951,0,0,303f80,00,000000,00,00,00,0,00,1
952,952,0,0,303fa0,00,000000,39,00,00,0,00,1
953,953,0,1,303900,00,ffffff,39,00,00,0,00,1
954,954,0,1,303920,00,ffffff,39,00,00,0,00,1
955,955,0,0,303940,00,000000,00,00,00,0,00,1
956,956,0,0,303960,00,000000,3f,00,00,0,00,1
957,957,0,1,303fc0,00,ffffff,3f,00,00,0,00,1
958,958,0,1,303fe0,00,ffffff,3f,00,00,0,00,1
959,959,0,0,304000,00,000000,00,00,00,0,00,1
960,960,0,0,304020,00,000000,38,00,00,0,00,1
961,961,0,1,303800,00,ffffff,38,00,00,0,00,1
962,962,0,1,303820,00,ffffff,38,00,00,0,00,1
963,963,0,0,303840,00,000000,00,00,00,0,00,1
964,964,0,0,303860,00,000000,3d,00,00,0,00,1
965,965,0,1,303d80,00,ffffff,3d,00,00,0,00,1
966,966,0,1,303da0,00,ffffff,3d,00,00,0,00,1
967,967,0,0,303dc0,00,000000,00,00,00,0,00,1
968,968,0,0,303de0,00,000000,3a,00,00,0,00,1
969,969,0,1,303a80,00,ffffff,3a,00,00,0,00,1
970,970,0,1,303aa0,00,ffffff,3a,00,00,0,00,1
971,971,0,0,303ac0,00,000000,00,00,00,0,00,1
972,972,0,0,303ae0,00,000000,3a,00,00,0,00,1
973,973,0,1,303ac0,00,ffffff,3a,00,00,0,00,1
974,974,0,1,303ae0,00,ffffff,3a,00,00,0,00,1
975,975,0,0,303b00,00,000000,00,00,00,0,00,1
976,976,0,0,303b20,00,000000,3d,00,00,0,00,1
977,977,0,1,303d00,00,ffffff,3d,00,00,0,00,1
978,978,0,1,303d20,00,ffffff,3d,00,00,0,00,1
979,979,0,0,303d40,00,000000,00,00,00,0,00,1
980,980,0,0,303d60,00,000000,3a,00,00,0,00,1
981,981,0,1,303a00,00,ffffff,3a,00,00,0,00,1
982,982,0,1,303a20,00,ffffff,3a,00,00,0,00,1
983,983,0,0,303a40,00,000000,00,00,00,0,00,1
984,984,0,0,303a60,00,000000,3a,00,00,0,00,1
985,985,0,1,303a40,00,ffffff,3a,00,00,0,00,1
986,986,0,1,303a60,00,ffffff,3a,00,00,0,00,1
987,987,0,0,303a80,00,000000,00,00,00,0,00,1
988,988,0,0,303aa0,00,000000,39,00,00,0,00,1
989,989,0,1,3039c0,00,ffffff,39,00,00,0,00,1
990,990,0,1,3039e0,00,ffffff,39,00,00,0,00,1
991,991,0,0,303a00,00,000000,00,00,00,0,00,1
992,992,0,0,303a20,00,000000,3f,00,00,0,00,1
993,993,0,1,303f00,00,ffffff,3f,00,00,0,00,1
994,994,0,1,303f20,00,ffffff,3f,00,00,0,00,1
995,995,0,0,303f40,00,000000,00,00,00,0,00,1
996,996,0,0,303f60,00,000000,3b,00,00,0,00,1
997,997,0,1,303b00,00,ffffff,3b,00,00,0,00,1
998,998,0,1,303b20,00,ffffff,3b,00,00,0,00,1
999,999,0,0,303b40,00,000000,00,00,00,0,00,1
1000,1000,0,0,303b60,00,000000,3b,00,00,0,00,1
1001,1001,0,1,303b40,00,ffffff,3b,00,00,0,00,1
1002,1002,0,1,303b60,00,ffffff,3b,00,00,0,00,1
1003,1003,0,0,303b80,00,000000,00,00,00,0,00,1
1004,1004,0,0,303ba0,00,000000,3b,00,00,0,00,1
1005,1005,0,1,303b80,00,ffffff,3b,00,00,0,00,1
1006,1006,0,1,303ba0,00,ffffff,3b,00,00,0,00,1
1007,1007,0,0,303bc0,00,000000,00,00,00,0,00,1
1008,1008,0,0,303be0,00,000000,39,00,00,0,00,1
1009,1009,0,1,303940,00,ffffff,39,00,00,0,00,1
1010,1010,0,1,303960,00,ffffff,39,00,00,0,00,1
1011,1011,0,0,303980,00,000000,00,00,00,0,00,1
1012,1012,0,0,3039a0,00,000000,3b,00,00,0,00,1
1013,1013,0,1,303bc0,00,ffffff,3b,00,00,0,00,1
1014,1014,0,1,303be0,00,ffffff,3b,00,00,0,00,1
1015,1015,0,0,303c00,00,000000,00,00,00,0,00,1
1016,1016,0,0,303c20,00,000000,3f,00,00,0,00,1
1017,1017,0,1,303f80,00,ffffff,3f,00,00,0,00,1
1018,1018,0,1,303fa0,00,ffffff,3f,00,00,0,00,1
1019,1019,0,0,303fc0,00,000000,00,00,00,0,00,1
1020,1020,0,0,303fe0,00,000000,31,00,00,0,00,1
1021,1021,0,1,3031c0,00,ffffff,31,00,00,0,00,1
1022,1022,0,1,3031e0,00,ffffff,31,00,00,0,00,1
1023,1023,0,0,303200,00,000000,00,00,00,0,00,1
